Symbol,Name,Rate,Inverse
AED,United Arab Emirates Dirham,3.6731,0.2722496
AFN,Afghan Afghani,87.000366,0.0114942
ALL,Albanian Lek,103.249853,0.0096852
AMD,Armenian Dram,388.150297,0.0025763
ANG,Netherlands Antillean Guilder,1.804744,0.5540952
AOA,Angolan Kwanza,506.501538,0.0019743
ARS,Argentine Peso,210.747201,0.004745
AUD,Australian Dollar,1.478437,0.67639
AWG,Aruban Florin,1.8025,0.554785
AZN,Azerbaijani Manat,1.67226,0.5979931
BAM,Bosnia-Herzegovina Convertible Mark,1.793341,0.5576184
BBD,Barbadian Dollar,2.021841,0.4945987
BDT,Bangladeshi Taka,105.667574,0.0094636
BGN,Bulgarian Lev,1.784513,0.560377
BHD,Bahraini Dinar,0.376999,2.6525269
BIF,Burundian Franc,2083,0.0004801
BMD,Bermudan Dollar,1,1.0
BND,Brunei Dollar,1.327887,0.7530761
BOB,Bolivian Boliviano,6.918651,0.1445368
BRL,Brazilian Real,5.072598,0.1971376
BSD,Bahamian Dollar,1.001385,0.9986169
BTC,Bitcoin,3.5506616e-05,28163.7653107
BTN,Bhutanese Ngultrum,82.327551,0.0121466
BWP,Botswanan Pula,13.046947,0.0766463
BYN,New Belarusian Ruble,2.527496,0.3956485
BYR,Belarusian Ruble,19600,5.1e-05
BZD,Belize Dollar,2.01843,0.4954346
CAD,Canadian Dollar,1.343195,0.7444935
CDF,Congolese Franc,2047.99995,0.0004883
CHF,Swiss Franc,0.905435,1.1044415
CLF,Chilean Unit of Account (UF),0.029273,34.1611724
CLP,Chilean Peso,807.729761,0.001238
CNY,Chinese Yuan,6.879799,0.1453531
COP,Colombian Peso,4591.4,0.0002178
CRC,Costa Rican Colón,542.820466,0.0018422
CUC,Cuban Convertible Peso,1,1.0
CUP,Cuban Peso,26.5,0.0377358
CVE,Cape Verdean Escudo,101.098097,0.0098914
CZK,Czech Republic Koruna,21.410498,0.0467061
DJF,Djiboutian Franc,177.719768,0.0056268
DKK,Danish Krone,6.79323,0.1472054
DOP,Dominican Peso,54.749754,0.0182649
DZD,Algerian Dinar,135.637366,0.0073726
EGP,Egyptian Pound,30.891599,0.0323713
ERN,Eritrean Nakfa,15,0.0666667
ETB,Ethiopian Birr,53.970159,0.0185288
EUR,Euro,0.911695,1.0968581
FJD,Fijian Dollar,2.19595,0.4553838
FKP,Falkland Islands Pound,0.806292,1.2402455
GBP,British Pound Sterling,0.799364,1.2509945
GEL,Georgian Lari,2.545033,0.3929222
GGP,Guernsey Pound,0.806292,1.2402455
GHS,Ghanaian Cedi,10.826049,0.0923698
GIP,Gibraltar Pound,0.806292,1.2402455
GMD,Gambian Dalasi,62.194841,0.0160785
GNF,Guinean Franc,8652.000502,0.0001156
GTQ,Guatemalan Quetzal,7.811511,0.1280162
GYD,Guyanaese Dollar,211.772796,0.004722
HKD,Hong Kong Dollar,7.84965,0.1273942
HNL,Honduran Lempira,24.579837,0.0406838
HRK,Croatian Kuna,7.018274,0.1424852
HTG,Haitian Gourde,154.714421,0.0064635
HUF,Hungarian Forint,344.115008,0.002906
IDR,Indonesian Rupiah,14965,6.68e-05
ILS,Israeli New Sheqel,3.57546,0.2796843
IMP,Manx pound,0.806292,1.2402455
INR,Indian Rupee,82.11505,0.012178
IQD,Iraqi Dinar,1460,0.0006849
IRR,Iranian Rial,42275.000313,2.37e-05
ISK,Icelandic Króna,136.120263,0.0073464
JEP,Jersey Pound,0.806292,1.2402455
JMD,Jamaican Dollar,151.393728,0.0066053
JOD,Jordanian Dinar,0.709399,1.4096439
JPY,Japanese Yen,131.346981,0.0076134
KES,Kenyan Shilling,133.050626,0.0075159
KGS,Kyrgystani Som,87.41969,0.0114391
KHR,Cambodian Riel,4053.000157,0.0002467
KMF,Comorian Franc,449.250245,0.0022259
KPW,North Korean Won,900.025395,0.0011111
KRW,South Korean Won,1311.570128,0.0007624
KWD,Kuwaiti Dinar,0.30648,3.2628557
KYD,Cayman Islands Dollar,0.834495,1.1983295
KZT,Kazakhstani Tenge,448.120301,0.0022315
LAK,Laotian Kip,17180.000069,5.82e-05
LBP,Lebanese Pound,15250.000244,6.56e-05
LKR,Sri Lankan Rupee,321.439771,0.003111
LRD,Liberian Dollar,162.449769,0.0061557
LSL,Lesotho Loti,17.90009,0.0558656
LTL,Lithuanian Litas,2.95274,0.3386685
LVL,Latvian Lats,0.60489,1.6531931
LYD,Libyan Dinar,4.769792,0.2096527
MAD,Moroccan Dirham,10.183504,0.098198
MDL,Moldovan Leu,18.300186,0.0546443
MGA,Malagasy Ariary,4345.000152,0.0002301
MKD,Macedonian Denar,56.238847,0.0177813
MMK,Myanma Kyat,2102.879149,0.0004755
MNT,Mongolian Tugrik,3537.672765,0.0002827
MOP,Macanese Pataca,8.098273,0.1234831
MRO,Mauritanian Ouguiya,356.999828,0.0028011
MUR,Mauritian Rupee,45.403699,0.0220246
MVR,Maldivian Rufiyaa,15.349785,0.0651475
MWK,Malawian Kwacha,1024.000355,0.0009766
MXN,Mexican Peso,18.118899,0.055191
MYR,Malaysian Ringgit,4.400953,0.2272235
MZN,Mozambican Metical,63.24969,0.0158104
NAD,Namibian Dollar,17.920299,0.0558026
NGN,Nigerian Naira,464.501169,0.0021528
NIO,Nicaraguan Córdoba,36.585002,0.0273336
NOK,Norwegian Krone,10.29445,0.0971397
NPR,Nepalese Rupee,131.724265,0.0075916
NZD,New Zealand Dollar,1.58184,0.6321752
OMR,Omani Rial,0.385109,2.5966674
PAB,Panamanian Balboa,1.001371,0.9986309
PEN,Peruvian Nuevo Sol,3.771987,0.2651123
PGK,Papua New Guinean Kina,3.520076,0.2840848
PHP,Philippine Peso,54.378009,0.0183898
PKR,Pakistani Rupee,287.000166,0.0034843
PLN,Polish Zloty,4.26465,0.2344858
PYG,Paraguayan Guarani,7194.205025,0.000139
QAR,Qatari Rial,3.641028,0.2746477
RON,Romanian Leu,4.496098,0.2224151
RSD,Serbian Dinar,106.975032,0.009348
RUB,Russian Ruble,79.30116,0.0126102
RWF,Rwandan Franc,1105,0.000905
SAR,Saudi Riyal,3.750741,0.266614
SBD,Solomon Islands Dollar,8.280415,0.1207669
SCR,Seychellois Rupee,14.045825,0.0711955
SDG,Sudanese Pound,598.999773,0.0016694
SEK,Swedish Krona,10.262465,0.0974425
SGD,Singapore Dollar,1.324625,0.7549306
SHP,Saint Helena Pound,1.21675,0.8218615
SLE,Sierra Leonean Leone,21.607801,0.0462796
SLL,Sierra Leonean Leone,19749.999741,5.06e-05
SOS,Somali Shilling,568.506563,0.001759
SRD,Surinamese Dollar,35.925009,0.0278358
STD,São Tomé and Príncipe Dobra,20697.981008,4.83e-05
SVC,Salvadoran Colón,8.76223,0.1141262
SYP,Syrian Pound,2512.571419,0.000398
SZL,Swazi Lilangeni,17.919944,0.0558037
THB,Thai Baht,33.979923,0.0294291
TJS,Tajikistani Somoni,10.940059,0.0914072
TMT,Turkmenistani Manat,3.5,0.2857143
TND,Tunisian Dinar,3.040097,0.3289369
TOP,Tongan Paʻanga,2.342849,0.4268308
TRY,Turkish Lira,19.221402,0.0520253
TTD,Trinidad and Tobago Dollar,6.763856,0.1478447
TWD,New Taiwan Dollar,30.400303,0.0328944
TZS,Tanzanian Shilling,2340.000185,0.0004274
UAH,Ukrainian Hryvnia,36.801119,0.0271731
UGX,Ugandan Shilling,3782.356339,0.0002644
USD,United States Dollar,1,1.0
UYU,Uruguayan Peso,38.71299,0.0258311
UZS,Uzbekistan Som,11400.000497,8.77e-05
VEF,Venezuelan Bolívar Fuerte,2447051.409124,4e-07
VES,Sovereign Bolivar,24.459101,0.0408846
VND,Vietnamese Dong,23467.5,4.26e-05
VUV,Vanuatu Vatu,119.305589,0.0083818
WST,Samoan Tala,2.718433,0.367859
XAF,CFA Franc BEAC,601.503759,0.0016625
XAG,Silver (troy ounce),0.040009,24.9943763
XAU,Gold (troy ounce),0.000494,2024.291498
XCD,East Caribbean Dollar,2.702551,0.3700208
XDR,Special Drawing Rights,0.744357,1.3434414
XOF,CFA Franc BCEAO,602.49376,0.0016598
XPF,CFP Franc,109.309695,0.0091483
YER,Yemeni Rial,250.30319,0.0039952
ZAR,South African Rand,17.908705,0.0558388
ZMK,Zambian Kwacha (pre-2013),9001.208796,0.0001111
ZMW,Zambian Kwacha,20.401128,0.0490169
ZWL,Zimbabwean Dollar,321.999592,0.0031056
